,strike_mul,strike,BS_call,BS_put,glsm_call,glsm_put,bm_call,bm_put
0,0.9,14781.398706343129,1741.6068432714546,3.766743378313638,1727.1250624074662,1.3206861989188814,1741.519102863366,3.728475999601535
1,0.9357142857142857,15367.96214707103,1183.5912255641447,26.84123049199606,1151.42251930933,18.098023716075595,1183.8569614423054,27.651852632420393
2,0.9714285714285714,15954.525587798931,691.6488742722013,115.98898402104257,691.0127219535136,134.45152716982574,690.4418483054336,118.14256792039967
3,1.0071428571428571,16541.089028526832,329.36095484077384,334.7911694106076,320.20823470578523,364.7130065956524,330.96322690675896,348.748908979421
4,1.0428571428571427,17127.652469254732,122.58476244787225,709.105081838694,129.38122954802552,698.3689965906783,121.65348275546887,745.8705424363611
5,1.0785714285714285,17714.215909982635,34.838078744331995,1202.4485029561488,43.23475066724063,1297.9569448135342,34.5393996357318,1290.4395696013817
6,1.1142857142857143,18300.77935071054,7.5081044425454175,1756.2086334753612,4.594011051818726,1865.3099756500842,7.334859014209743,1877.0030103292884
7,1.15,18887.34279143844,1.2324954307159874,2331.0231292845183,0.0,2467.3078111580135,1.1156478471545372,2463.566451057188
