,strike_mul,strike,BS_call,BS_put,bm_call,bm_put,glsm_call,glsm_call_std,glsm_put,glsm_put_std
0,0.9,14781.39871,1741.606843,3.766743378,1741.519103,3.728476,1738.249769,5.9477,3.934309089,0.5381
1,0.935714286,15367.96215,1183.591226,26.84123049,1183.856961,27.65185263,1180.604223,6.7065,27.43242395,0.8609
2,0.971428571,15954.52559,691.6488743,115.988984,690.4418483,118.1425679,689.5560299,5.9316,116.8090425,1.452
3,1.007142857,16541.08903,329.3609548,334.7911694,330.9632269,348.748909,330.1801137,4.1722,344.8441008,2.9573
4,1.042857143,17127.65247,122.5847624,709.1050818,121.6534828,745.8705424,121.9822852,2.8658,745.7126301,2.0527
5,1.078571429,17714.21591,34.83807874,1202.448503,34.53939964,1290.43957,34.54696183,0.7728,1287.801264,1.4848
6,1.114285714,18300.77935,7.508104443,1756.208633,7.334859014,1877.00301,7.615406719,0.7535,1874.175161,1.4093
7,1.15,18887.34279,1.232495431,2331.023129,1.115647847,2463.566451,1.181772519,0.2679,2460.643742,0.6992
